Workbook
Name CompanyList: tblCompanies[Company]
Name PlatformList: tblPlatform[Platform]
Name PriorityList: tblPriority[Priority]
Name ResumeList: tblResumeVersion[Resume Version]
Name StatusList: tblStatus[Status]

Sheet Dashboard
A1: Job Application Dashboard
B2: ="As of "&TEXT(TODAY(),"dd-mmm-yyyy") -> As of 08-Oct-2026
B3: Every figure on this sheet is a formula that reads the Applications table. Nothing here is typed in by hand.
B5: Pipeline | E5: Follow-Ups and Activity
B6: Total applications | C6: =COUNTA(tblApplications[Company]) -> 12 | E6: Follow-ups overdue | F6: =COUNTIF(tblApplications[Follow-Up Flag],"Overdue") -> 3
B7: Active (open) applications | C7: =COUNTIFS(tblApplications[Is Open],"Yes") -> 9 | E7: Follow-ups due today | F7: =COUNTIF(tblApplications[Follow-Up Flag],"Due today") -> 1
B8: Closed applications | C8: =COUNTIFS(tblApplications[Is Open],"No") -> 3 | E8: Open applications with no follow-up date | F8: =COUNTIF(tblApplications[Follow-Up Flag],"No date set") -> 0
B9: At interview stage | C9: =COUNTIF(tblApplications[Status],"Interview") -> 2 | E9: Applied in the last 7 days | F9: =COUNTIFS(tblApplications[Date Applied],">="&TODAY()-6,tblApplications[Date Applied],"<="&TODAY()) -> 2
B10: Offers | C10: =COUNTIF(tblApplications[Status],"Offer") -> 1 | E10: Applied this month | F10: =COUNTIFS(tblApplications[Date Applied],">="&EOMONTH(TODAY(),-1)+1,tblApplications[Date Applied],"<="&EOMONTH(TODAY(),0)) -> 3
B11: Rejected | C11: =COUNTIF(tblApplications[Status],"Rejected") -> 1 | E11: Total hours invested | F11: =SUM(tblApplications[Time Spent (hrs)]) -> 26
B12: Positive response rate (Screening, Interview or Offer) | C12: =IFERROR(SUM(COUNTIF(tblApplications[Status],{"Screening","Interview","Offer"}))/C6,0) -> 0.41666667 | E12: Hours on active applications | F12: =SUMIFS(tblApplications[Time Spent (hrs)],tblApplications[Is Open],"Yes") -> 18.5
B13: Average days to first response | C13: =IFERROR(AVERAGE(tblApplications[Days to Response]),0) -> 9 | E13: Average salary at Interview or Offer stage (CAD) | F13: =IFERROR(SUM(SUMIF(tblApplications[Status],{"Interview","Offer"},tblApplications[Salary (CAD)]))/SUM(COUNTIFS(tblApplications[Status],{"Interview","Offer"},tblApplications[Salary (CAD)],">0")),0) -> 64666.667
B14: Applications with a response recorded | C14: =COUNT(tblApplications[Response Date]) -> 7 | E14: Rows with a missing or unrecognised status | F14: =C6-C7-C8 -> 0
B16: Status | C16: Applications | D16: % of Total | E16: Hours Spent | F16: Average Days Since Applied
B17: =Lists!A2 -> Applied | C17: =COUNTIF(tblApplications[Status],B17) -> 4 | D17: =IFERROR(C17/$C$6,0) -> 0.33333333 | E17: =SUMIFS(tblApplications[Time Spent (hrs)],tblApplications[Status],B17) -> 6.5 | F17: =IFERROR(AVERAGEIFS(tblApplications[Days Since Applied],tblApplications[Status],B17),0) -> 13.25
B18: =Lists!A3 -> Screening | C18: =COUNTIF(tblApplications[Status],B18) -> 2 | D18: =IFERROR(C18/$C$6,0) -> 0.16666667 | E18: =SUMIFS(tblApplications[Time Spent (hrs)],tblApplications[Status],B18) -> 4.5 | F18: =IFERROR(AVERAGEIFS(tblApplications[Days Since Applied],tblApplications[Status],B18),0) -> 19.5
B19: =Lists!A4 -> Interview | C19: =COUNTIF(tblApplications[Status],B19) -> 2 | D19: =IFERROR(C19/$C$6,0) -> 0.16666667 | E19: =SUMIFS(tblApplications[Time Spent (hrs)],tblApplications[Status],B19) -> 6.5 | F19: =IFERROR(AVERAGEIFS(tblApplications[Days Since Applied],tblApplications[Status],B19),0) -> 27.5
B20: =Lists!A5 -> No Response | C20: =COUNTIF(tblApplications[Status],B20) -> 1 | D20: =IFERROR(C20/$C$6,0) -> 0.083333333 | E20: =SUMIFS(tblApplications[Time Spent (hrs)],tblApplications[Status],B20) -> 1 | F20: =IFERROR(AVERAGEIFS(tblApplications[Days Since Applied],tblApplications[Status],B20),0) -> 13
B21: =Lists!A6 -> Offer | C21: =COUNTIF(tblApplications[Status],B21) -> 1 | D21: =IFERROR(C21/$C$6,0) -> 0.083333333 | E21: =SUMIFS(tblApplications[Time Spent (hrs)],tblApplications[Status],B21) -> 3 | F21: =IFERROR(AVERAGEIFS(tblApplications[Days Since Applied],tblApplications[Status],B21),0) -> 5
B22: =Lists!A7 -> Rejected | C22: =COUNTIF(tblApplications[Status],B22) -> 1 | D22: =IFERROR(C22/$C$6,0) -> 0.083333333 | E22: =SUMIFS(tblApplications[Time Spent (hrs)],tblApplications[Status],B22) -> 2.5 | F22: =IFERROR(AVERAGEIFS(tblApplications[Days Since Applied],tblApplications[Status],B22),0) -> 37
B23: =Lists!A8 -> Withdrawn | C23: =COUNTIF(tblApplications[Status],B23) -> 1 | D23: =IFERROR(C23/$C$6,0) -> 0.083333333 | E23: =SUMIFS(tblApplications[Time Spent (hrs)],tblApplications[Status],B23) -> 2 | F23: =IFERROR(AVERAGEIFS(tblApplications[Days Since Applied],tblApplications[Status],B23),0) -> 23
B24: Total | C24: =SUM(C17:C23) -> 12 | D24: =SUM(D17:D23) -> 1 | E24: =SUM(E17:E23) -> 26
B27: Platform | C27: Applications | D27: Interview or Offer | E27: Conversion Rate
B28: =Lists!D2 -> LinkedIn | C28: =COUNTIF(tblApplications[Platform],B28) -> 6 | D28: =COUNTIFS(tblApplications[Platform],B28,tblApplications[Status],"Interview")+COUNTIFS(tblApplications[Platform],B28,tblApplications[Status],"Offer") -> 3 | E28: =IFERROR(D28/C28,0) -> 0.5
B29: =Lists!D3 -> Indeed | C29: =COUNTIF(tblApplications[Platform],B29) -> 2 | D29: =COUNTIFS(tblApplications[Platform],B29,tblApplications[Status],"Interview")+COUNTIFS(tblApplications[Platform],B29,tblApplications[Status],"Offer") -> 0 | E29: =IFERROR(D29/C29,0) -> 0
B30: =Lists!D4 -> Company Website | C30: =COUNTIF(tblApplications[Platform],B30) -> 2 | D30: =COUNTIFS(tblApplications[Platform],B30,tblApplications[Status],"Interview")+COUNTIFS(tblApplications[Platform],B30,tblApplications[Status],"Offer") -> 0 | E30: =IFERROR(D30/C30,0) -> 0
B31: =Lists!D5 -> Referral | C31: =COUNTIF(tblApplications[Platform],B31) -> 2 | D31: =COUNTIFS(tblApplications[Platform],B31,tblApplications[Status],"Interview")+COUNTIFS(tblApplications[Platform],B31,tblApplications[Status],"Offer") -> 0 | E31: =IFERROR(D31/C31,0) -> 0
B32: =Lists!D6 -> Recruiter | C32: =COUNTIF(tblApplications[Platform],B32) -> 0 | D32: =COUNTIFS(tblApplications[Platform],B32,tblApplications[Status],"Interview")+COUNTIFS(tblApplications[Platform],B32,tblApplications[Status],"Offer") -> 0 | E32: =IFERROR(D32/C32,0) -> 0
B33: =Lists!D7 -> Other | C33: =COUNTIF(tblApplications[Platform],B33) -> 0 | D33: =COUNTIFS(tblApplications[Platform],B33,tblApplications[Status],"Interview")+COUNTIFS(tblApplications[Platform],B33,tblApplications[Status],"Offer") -> 0 | E33: =IFERROR(D33/C33,0) -> 0
B34: Total | C34: =SUM(C28:C33) -> 12 | D34: =SUM(D28:D33) -> 3 | E34: =IFERROR(D34/C34,0) -> 0.25
B37: Week Starting (Mon) | C37: Applications | D37: Hours Spent | E37: Responses Received
B38: =TODAY()-WEEKDAY(TODAY(),2)+1 -> 46300 | C38: =COUNTIFS(tblApplications[Date Applied],">="&B38,tblApplications[Date Applied],"<"&B38+7) -> 1 | D38: =SUMIFS(tblApplications[Time Spent (hrs)],tblApplications[Date Applied],">="&B38,tblApplications[Date Applied],"<"&B38+7) -> 1 | E38: =COUNTIFS(tblApplications[Response Date],">="&B38,tblApplications[Response Date],"<"&B38+7) -> 2
B39: =B38-7 -> 46293 | C39: =COUNTIFS(tblApplications[Date Applied],">="&B39,tblApplications[Date Applied],"<"&B39+7) -> 3 | D39: =SUMIFS(tblApplications[Time Spent (hrs)],tblApplications[Date Applied],">="&B39,tblApplications[Date Applied],"<"&B39+7) -> 7.5 | E39: =COUNTIFS(tblApplications[Response Date],">="&B39,tblApplications[Response Date],"<"&B39+7) -> 1
B40: =B39-7 -> 46286 | C40: =COUNTIFS(tblApplications[Date Applied],">="&B40,tblApplications[Date Applied],"<"&B40+7) -> 2 | D40: =SUMIFS(tblApplications[Time Spent (hrs)],tblApplications[Date Applied],">="&B40,tblApplications[Date Applied],"<"&B40+7) -> 3 | E40: =COUNTIFS(tblApplications[Response Date],">="&B40,tblApplications[Response Date],"<"&B40+7) -> 1
B41: =B40-7 -> 46279 | C41: =COUNTIFS(tblApplications[Date Applied],">="&B41,tblApplications[Date Applied],"<"&B41+7) -> 2 | D41: =SUMIFS(tblApplications[Time Spent (hrs)],tblApplications[Date Applied],">="&B41,tblApplications[Date Applied],"<"&B41+7) -> 5.5 | E41: =COUNTIFS(tblApplications[Response Date],">="&B41,tblApplications[Response Date],"<"&B41+7) -> 2
B42: =B41-7 -> 46272 | C42: =COUNTIFS(tblApplications[Date Applied],">="&B42,tblApplications[Date Applied],"<"&B42+7) -> 2 | D42: =SUMIFS(tblApplications[Time Spent (hrs)],tblApplications[Date Applied],">="&B42,tblApplications[Date Applied],"<"&B42+7) -> 3.5 | E42: =COUNTIFS(tblApplications[Response Date],">="&B42,tblApplications[Response Date],"<"&B42+7) -> 1
B43: =B42-7 -> 46265 | C43: =COUNTIFS(tblApplications[Date Applied],">="&B43,tblApplications[Date Applied],"<"&B43+7) -> 2 | D43: =SUMIFS(tblApplications[Time Spent (hrs)],tblApplications[Date Applied],">="&B43,tblApplications[Date Applied],"<"&B43+7) -> 5.5 | E43: =COUNTIFS(tblApplications[Response Date],">="&B43,tblApplications[Response Date],"<"&B43+7) -> 0
B44: =B43-7 -> 46258 | C44: =COUNTIFS(tblApplications[Date Applied],">="&B44,tblApplications[Date Applied],"<"&B44+7) -> 0 | D44: =SUMIFS(tblApplications[Time Spent (hrs)],tblApplications[Date Applied],">="&B44,tblApplications[Date Applied],"<"&B44+7) -> 0 | E44: =COUNTIFS(tblApplications[Response Date],">="&B44,tblApplications[Response Date],"<"&B44+7) -> 0
B45: =B44-7 -> 46251 | C45: =COUNTIFS(tblApplications[Date Applied],">="&B45,tblApplications[Date Applied],"<"&B45+7) -> 0 | D45: =SUMIFS(tblApplications[Time Spent (hrs)],tblApplications[Date Applied],">="&B45,tblApplications[Date Applied],"<"&B45+7) -> 0 | E45: =COUNTIFS(tblApplications[Response Date],">="&B45,tblApplications[Response Date],"<"&B45+7) -> 0
B46: Total (8 weeks) | C46: =SUM(C38:C45) -> 12 | D46: =SUM(D38:D45) -> 26 | E46: =SUM(E38:E45) -> 7

Sheet Applications
A1: Job Application Tracker
A2: How to use: type in columns B to O (white or light blue rows). Grey columns (A and P to X) are formulas and fill in automatically. Use the dropdowns in Company, Platform, Resume Version, Status and Priority. To add an application, type on the first empty row under the table; the table, dropdowns and formulas extend automatically. Use the filter arrows in row 3 to sort by date or filter by Status. Rows 4 to 15 are fictional examples: delete them before real use.
A3: ID | B3: Date Applied | C3: Company | D3: Role Title | E3: Location | F3: Platform | G3: Job URL | H3: Resume Version | I3: Status | J3: Priority | K3: Follow-Up Date | L3: Response Date | M3: Time Spent (hrs) | N3: Salary (CAD) | O3: Notes | P3: Is Open | Q3: Days Since Applied | R3: Follow-Up Flag | S3: Days to Response | T3: Industry | U3: Company Size | V3: City | W3: Week Starting | X3: Month
A4: ="APP-"&TEXT(ROW()-3,"000") -> APP-001 | B4: 46266 | C4: Northbridge Learning Institute | D4: Sessional Instructor, Business Communication | E4: Toronto, ON | F4: LinkedIn | G4: https://www.linkedin.com/jobs/view/example-1001 | H4: Teaching and Course Design v1 | I4: Rejected | J4: Medium | K4: 46275 | L4: 46280 | M4: 2.5 | N4: 68000 | O4: Rejected after screening; keep on file for the winter term | P4: =IF(tblApplications[[#This Row],[Status]]="","",IFERROR(INDEX(tblStatus[Is Open],MATCH(tblApplications[[#This Row],[Status]],tblStatus[Status],0)),"Check status")) -> No | Q4: =IF(tblApplications[[#This Row],[Date Applied]]="","",TODAY()-tblApplications[[#This Row],[Date Applied]]) -> 37 | R4: =IF(tblApplications[[#This Row],[Date Applied]]="","",IF(tblApplications[[#This Row],[Status]]="","Add status",IF(tblApplications[[#This Row],[Is Open]]="No","Closed",IF(tblApplications[[#This Row],[Follow-Up Date]]="","No date set",IF(tblApplications[[#This Row],[Follow-Up Date]]<TODAY(),"Overdue",IF(tblApplications[[#This Row],[Follow-Up Date]]=TODAY(),"Due today","Scheduled")))))) -> Closed | S4: =IF(OR(tblApplications[[#This Row],[Date Applied]]="",tblApplications[[#This Row],[Response Date]]=""),"",tblApplications[[#This Row],[Response Date]]-tblApplications[[#This Row],[Date Applied]]) -> 14 | T4: =IF(tblApplications[[#This Row],[Company]]="","",IFERROR(_xlfn.XLOOKUP(TRIM(tblApplications[[#This Row],[Company]]),tblCompanies[Company],tblCompanies[Industry],"Not in Companies list"),IFERROR(INDEX(tblCompanies[Industry],MATCH(TRIM(tblApplications[[#This Row],[Company]]),tblCompanies[Company],0)),"Not in Companies list"))) -> Higher Education | U4: =IF(tblApplications[[#This Row],[Company]]="","",IFERROR(VLOOKUP(TRIM(tblApplications[[#This Row],[Company]]),tblCompanies[],3,FALSE),"Not in Companies list")) -> 500 to 1,000 | V4: =IF(tblApplications[[#This Row],[Company]]="","",IFERROR(INDEX(tblCompanies[City],MATCH(TRIM(tblApplications[[#This Row],[Company]]),tblCompanies[Company],0)),"Not in Companies list")) -> Toronto, ON | W4: =IF(tblApplications[[#This Row],[Date Applied]]="","",tblApplications[[#This Row],[Date Applied]]-WEEKDAY(tblApplications[[#This Row],[Date Applied]],2)+1) -> 46265 | X4: =IF(tblApplications[[#This Row],[Date Applied]]="","",TEXT(tblApplications[[#This Row],[Date Applied]],"mmm yyyy")) -> Sep 2026
A5: ="APP-"&TEXT(ROW()-3,"000") -> APP-002 | B5: 46268 | C5: Maple Ridge Business College | D5: Program Coordinator, Continuing Education | E5: Vancouver, BC | F5: LinkedIn | G5: https://www.linkedin.com/jobs/view/example-1002 | H5: Program Coordination v2 | I5: Interview | J5: High | K5: 46305 | L5: 46277 | M5: 3 | N5: 62000 | O5: Second interview booked for 10 Oct | P5: =IF(tblApplications[[#This Row],[Status]]="","",IFERROR(INDEX(tblStatus[Is Open],MATCH(tblApplications[[#This Row],[Status]],tblStatus[Status],0)),"Check status")) -> Yes | Q5: =IF(tblApplications[[#This Row],[Date Applied]]="","",TODAY()-tblApplications[[#This Row],[Date Applied]]) -> 35 | R5: =IF(tblApplications[[#This Row],[Date Applied]]="","",IF(tblApplications[[#This Row],[Status]]="","Add status",IF(tblApplications[[#This Row],[Is Open]]="No","Closed",IF(tblApplications[[#This Row],[Follow-Up Date]]="","No date set",IF(tblApplications[[#This Row],[Follow-Up Date]]<TODAY(),"Overdue",IF(tblApplications[[#This Row],[Follow-Up Date]]=TODAY(),"Due today","Scheduled")))))) -> Scheduled | S5: =IF(OR(tblApplications[[#This Row],[Date Applied]]="",tblApplications[[#This Row],[Response Date]]=""),"",tblApplications[[#This Row],[Response Date]]-tblApplications[[#This Row],[Date Applied]]) -> 9 | T5: =IF(tblApplications[[#This Row],[Company]]="","",IFERROR(_xlfn.XLOOKUP(TRIM(tblApplications[[#This Row],[Company]]),tblCompanies[Company],tblCompanies[Industry],"Not in Companies list"),IFERROR(INDEX(tblCompanies[Industry],MATCH(TRIM(tblApplications[[#This Row],[Company]]),tblCompanies[Company],0)),"Not in Companies list"))) -> Higher Education | U5: =IF(tblApplications[[#This Row],[Company]]="","",IFERROR(VLOOKUP(TRIM(tblApplications[[#This Row],[Company]]),tblCompanies[],3,FALSE),"Not in Companies list")) -> 200 to 500 | V5: =IF(tblApplications[[#This Row],[Company]]="","",IFERROR(INDEX(tblCompanies[City],MATCH(TRIM(tblApplications[[#This Row],[Company]]),tblCompanies[Company],0)),"Not in Companies list")) -> Vancouver, BC | W5: =IF(tblApplications[[#This Row],[Date Applied]]="","",tblApplications[[#This Row],[Date Applied]]-WEEKDAY(tblApplications[[#This Row],[Date Applied]],2)+1) -> 46265 | X5: =IF(tblApplications[[#This Row],[Date Applied]]="","",TEXT(tblApplications[[#This Row],[Date Applied]],"mmm yyyy")) -> Sep 2026
A6: ="APP-"&TEXT(ROW()-3,"000") -> APP-003 | B6: 46273 | C6: Lakeshore Training Co. | D6: Learning and Development Specialist | E6: Mississauga, ON | F6: Indeed | G6: https://ca.indeed.com/viewjob?jk=example-1003 | H6: Program Coordination v2 | I6: Screening | J6: High | K6: 46301 | L6: 46285 | M6: 2 | N6: 70000 | O6: Phone screen done; waiting for panel date | P6: =IF(tblApplications[[#This Row],[Status]]="","",IFERROR(INDEX(tblStatus[Is Open],MATCH(tblApplications[[#This Row],[Status]],tblStatus[Status],0)),"Check status")) -> Yes | Q6: =IF(tblApplications[[#This Row],[Date Applied]]="","",TODAY()-tblApplications[[#This Row],[Date Applied]]) -> 30 | R6: =IF(tblApplications[[#This Row],[Date Applied]]="","",IF(tblApplications[[#This Row],[Status]]="","Add status",IF(tblApplications[[#This Row],[Is Open]]="No","Closed",IF(tblApplications[[#This Row],[Follow-Up Date]]="","No date set",IF(tblApplications[[#This Row],[Follow-Up Date]]<TODAY(),"Overdue",IF(tblApplications[[#This Row],[Follow-Up Date]]=TODAY(),"Due today","Scheduled")))))) -> Overdue | S6: =IF(OR(tblApplications[[#This Row],[Date Applied]]="",tblApplications[[#This Row],[Response Date]]=""),"",tblApplications[[#This Row],[Response Date]]-tblApplications[[#This Row],[Date Applied]]) -> 12 | T6: =IF(tblApplications[[#This Row],[Company]]="","",IFERROR(_xlfn.XLOOKUP(TRIM(tblApplications[[#This Row],[Company]]),tblCompanies[Company],tblCompanies[Industry],"Not in Companies list"),IFERROR(INDEX(tblCompanies[Industry],MATCH(TRIM(tblApplications[[#This Row],[Company]]),tblCompanies[Company],0)),"Not in Companies list"))) -> Corporate Training | U6: =IF(tblApplications[[#This Row],[Company]]="","",IFERROR(VLOOKUP(TRIM(tblApplications[[#This Row],[Company]]),tblCompanies[],3,FALSE),"Not in Companies list")) -> 50 to 200 | V6: =IF(tblApplications[[#This Row],[Company]]="","",IFERROR(INDEX(tblCompanies[City],MATCH(TRIM(tblApplications[[#This Row],[Company]]),tblCompanies[Company],0)),"Not in Companies list")) -> Mississauga, ON | W6: =IF(tblApplications[[#This Row],[Date Applied]]="","",tblApplications[[#This Row],[Date Applied]]-WEEKDAY(tblApplications[[#This Row],[Date Applied]],2)+1) -> 46272 | X6: =IF(tblApplications[[#This Row],[Date Applied]]="","",TEXT(tblApplications[[#This Row],[Date Applied]],"mmm yyyy")) -> Sep 2026
A7: ="APP-"&TEXT(ROW()-3,"000") -> APP-004 | B7: 46275 | C7: Prairie Skills Network | D7: Workshop Facilitator (Part-time) | E7: Calgary, AB | F7: Company Website | G7: https://prairieskills.example/careers/1004 | H7: Teaching and Course Design v1 | I7: Applied | J7: Low | K7: 46289 | M7: 1.5 | N7: 35000 | O7: No reply yet | P7: =IF(tblApplications[[#This Row],[Status]]="","",IFERROR(INDEX(tblStatus[Is Open],MATCH(tblApplications[[#This Row],[Status]],tblStatus[Status],0)),"Check status")) -> Yes | Q7: =IF(tblApplications[[#This Row],[Date Applied]]="","",TODAY()-tblApplications[[#This Row],[Date Applied]]) -> 28 | R7: =IF(tblApplications[[#This Row],[Date Applied]]="","",IF(tblApplications[[#This Row],[Status]]="","Add status",IF(tblApplications[[#This Row],[Is Open]]="No","Closed",IF(tblApplications[[#This Row],[Follow-Up Date]]="","No date set",IF(tblApplications[[#This Row],[Follow-Up Date]]<TODAY(),"Overdue",IF(tblApplications[[#This Row],[Follow-Up Date]]=TODAY(),"Due today","Scheduled")))))) -> Overdue | S7: =IF(OR(tblApplications[[#This Row],[Date Applied]]="",tblApplications[[#This Row],[Response Date]]=""),"",tblApplications[[#This Row],[Response Date]]-tblApplications[[#This Row],[Date Applied]]) | T7: =IF(tblApplications[[#This Row],[Company]]="","",IFERROR(_xlfn.XLOOKUP(TRIM(tblApplications[[#This Row],[Company]]),tblCompanies[Company],tblCompanies[Industry],"Not in Companies list"),IFERROR(INDEX(tblCompanies[Industry],MATCH(TRIM(tblApplications[[#This Row],[Company]]),tblCompanies[Company],0)),"Not in Companies list"))) -> Non-profit Education | U7: =IF(tblApplications[[#This Row],[Company]]="","",IFERROR(VLOOKUP(TRIM(tblApplications[[#This Row],[Company]]),tblCompanies[],3,FALSE),"Not in Companies list")) -> 10 to 50 | V7: =IF(tblApplications[[#This Row],[Company]]="","",IFERROR(INDEX(tblCompanies[City],MATCH(TRIM(tblApplications[[#This Row],[Company]]),tblCompanies[Company],0)),"Not in Companies list")) -> Calgary, AB | W7: =IF(tblApplications[[#This Row],[Date Applied]]="","",tblApplications[[#This Row],[Date Applied]]-WEEKDAY(tblApplications[[#This Row],[Date Applied]],2)+1) -> 46272 | X7: =IF(tblApplications[[#This Row],[Date Applied]]="","",TEXT(tblApplications[[#This Row],[Date Applied]],"mmm yyyy")) -> Sep 2026
A8: ="APP-"&TEXT(ROW()-3,"000") -> APP-005 | B8: 46280 | C8: Harbourview Consulting Group | D8: Business Analyst, Education Sector | E8: Halifax, NS | F8: Referral | G8: https://harbourviewcg.example/jobs/1005 | H8: Small Business and Consulting v1 | I8: Withdrawn | J8: Medium | K8: 46294 | L8: 46287 | M8: 2 | N8: 75000 | O8: Withdrew: role is full-time on-site only | P8: =IF(tblApplications[[#This Row],[Status]]="","",IFERROR(INDEX(tblStatus[Is Open],MATCH(tblApplications[[#This Row],[Status]],tblStatus[Status],0)),"Check status")) -> No | Q8: =IF(tblApplications[[#This Row],[Date Applied]]="","",TODAY()-tblApplications[[#This Row],[Date Applied]]) -> 23 | R8: =IF(tblApplications[[#This Row],[Date Applied]]="","",IF(tblApplications[[#This Row],[Status]]="","Add status",IF(tblApplications[[#This Row],[Is Open]]="No","Closed",IF(tblApplications[[#This Row],[Follow-Up Date]]="","No date set",IF(tblApplications[[#This Row],[Follow-Up Date]]<TODAY(),"Overdue",IF(tblApplications[[#This Row],[Follow-Up Date]]=TODAY(),"Due today","Scheduled")))))) -> Closed | S8: =IF(OR(tblApplications[[#This Row],[Date Applied]]="",tblApplications[[#This Row],[Response Date]]=""),"",tblApplications[[#This Row],[Response Date]]-tblApplications[[#This Row],[Date Applied]]) -> 7 | T8: =IF(tblApplications[[#This Row],[Company]]="","",IFERROR(_xlfn.XLOOKUP(TRIM(tblApplications[[#This Row],[Company]]),tblCompanies[Company],tblCompanies[Industry],"Not in Companies list"),IFERROR(INDEX(tblCompanies[Industry],MATCH(TRIM(tblApplications[[#This Row],[Company]]),tblCompanies[Company],0)),"Not in Companies list"))) -> Management Consulting | U8: =IF(tblApplications[[#This Row],[Company]]="","",IFERROR(VLOOKUP(TRIM(tblApplications[[#This Row],[Company]]),tblCompanies[],3,FALSE),"Not in Companies list")) -> 50 to 200 | V8: =IF(tblApplications[[#This Row],[Company]]="","",IFERROR(INDEX(tblCompanies[City],MATCH(TRIM(tblApplications[[#This Row],[Company]]),tblCompanies[Company],0)),"Not in Companies list")) -> Halifax, NS | W8: =IF(tblApplications[[#This Row],[Date Applied]]="","",tblApplications[[#This Row],[Date Applied]]-WEEKDAY(tblApplications[[#This Row],[Date Applied]],2)+1) -> 46279 | X8: =IF(tblApplications[[#This Row],[Date Applied]]="","",TEXT(tblApplications[[#This Row],[Date Applied]],"mmm yyyy")) -> Sep 2026
A9: ="APP-"&TEXT(ROW()-3,"000") -> APP-006 | B9: 46283 | C9: Summit Peak Learning Technologies | D9: Instructional Designer | E9: Ottawa, ON | F9: LinkedIn | G9: https://www.linkedin.com/jobs/view/example-1006 | H9: Teaching and Course Design v1 | I9: Interview | J9: High | K9: 46303 | L9: 46295 | M9: 3.5 | N9: 72000 | O9: First interview 2 Oct; panel interview 9 Oct | P9: =IF(tblApplications[[#This Row],[Status]]="","",IFERROR(INDEX(tblStatus[Is Open],MATCH(tblApplications[[#This Row],[Status]],tblStatus[Status],0)),"Check status")) -> Yes | Q9: =IF(tblApplications[[#This Row],[Date Applied]]="","",TODAY()-tblApplications[[#This Row],[Date Applied]]) -> 20 | R9: =IF(tblApplications[[#This Row],[Date Applied]]="","",IF(tblApplications[[#This Row],[Status]]="","Add status",IF(tblApplications[[#This Row],[Is Open]]="No","Closed",IF(tblApplications[[#This Row],[Follow-Up Date]]="","No date set",IF(tblApplications[[#This Row],[Follow-Up Date]]<TODAY(),"Overdue",IF(tblApplications[[#This Row],[Follow-Up Date]]=TODAY(),"Due today","Scheduled")))))) -> Due today | S9: =IF(OR(tblApplications[[#This Row],[Date Applied]]="",tblApplications[[#This Row],[Response Date]]=""),"",tblApplications[[#This Row],[Response Date]]-tblApplications[[#This Row],[Date Applied]]) -> 12 | T9: =IF(tblApplications[[#This Row],[Company]]="","",IFERROR(_xlfn.XLOOKUP(TRIM(tblApplications[[#This Row],[Company]]),tblCompanies[Company],tblCompanies[Industry],"Not in Companies list"),IFERROR(INDEX(tblCompanies[Industry],MATCH(TRIM(tblApplications[[#This Row],[Company]]),tblCompanies[Company],0)),"Not in Companies list"))) -> EdTech | U9: =IF(tblApplications[[#This Row],[Company]]="","",IFERROR(VLOOKUP(TRIM(tblApplications[[#This Row],[Company]]),tblCompanies[],3,FALSE),"Not in Companies list")) -> 200 to 500 | V9: =IF(tblApplications[[#This Row],[Company]]="","",IFERROR(INDEX(tblCompanies[City],MATCH(TRIM(tblApplications[[#This Row],[Company]]),tblCompanies[Company],0)),"Not in Companies list")) -> Ottawa, ON | W9: =IF(tblApplications[[#This Row],[Date Applied]]="","",tblApplications[[#This Row],[Date Applied]]-WEEKDAY(tblApplications[[#This Row],[Date Applied]],2)+1) -> 46279 | X9: =IF(tblApplications[[#This Row],[Date Applied]]="","",TEXT(tblApplications[[#This Row],[Date Applied]],"mmm yyyy")) -> Sep 2026
A10: ="APP-"&TEXT(ROW()-3,"000") -> APP-007 | B10: 46287 | C10: Cedar Valley Community College | D10: Sessional Lecturer, Marketing | E10: Edmonton, AB | F10: Company Website | G10: https://cedarvalleycc.example/postings/1007 | H10: Teaching and Course Design v1 | I10: Applied | J10: Medium | K10: 46308 | M10: 2 | N10: 58000 | O10: Posting closes 15 Oct | P10: =IF(tblApplications[[#This Row],[Status]]="","",IFERROR(INDEX(tblStatus[Is Open],MATCH(tblApplications[[#This Row],[Status]],tblStatus[Status],0)),"Check status")) -> Yes | Q10: =IF(tblApplications[[#This Row],[Date Applied]]="","",TODAY()-tblApplications[[#This Row],[Date Applied]]) -> 16 | R10: =IF(tblApplications[[#This Row],[Date Applied]]="","",IF(tblApplications[[#This Row],[Status]]="","Add status",IF(tblApplications[[#This Row],[Is Open]]="No","Closed",IF(tblApplications[[#This Row],[Follow-Up Date]]="","No date set",IF(tblApplications[[#This Row],[Follow-Up Date]]<TODAY(),"Overdue",IF(tblApplications[[#This Row],[Follow-Up Date]]=TODAY(),"Due today","Scheduled")))))) -> Scheduled | S10: =IF(OR(tblApplications[[#This Row],[Date Applied]]="",tblApplications[[#This Row],[Response Date]]=""),"",tblApplications[[#This Row],[Response Date]]-tblApplications[[#This Row],[Date Applied]]) | T10: =IF(tblApplications[[#This Row],[Company]]="","",IFERROR(_xlfn.XLOOKUP(TRIM(tblApplications[[#This Row],[Company]]),tblCompanies[Company],tblCompanies[Industry],"Not in Companies list"),IFERROR(INDEX(tblCompanies[Industry],MATCH(TRIM(tblApplications[[#This Row],[Company]]),tblCompanies[Company],0)),"Not in Companies list"))) -> Higher Education | U10: =IF(tblApplications[[#This Row],[Company]]="","",IFERROR(VLOOKUP(TRIM(tblApplications[[#This Row],[Company]]),tblCompanies[],3,FALSE),"Not in Companies list")) -> 1,000+ | V10: =IF(tblApplications[[#This Row],[Company]]="","",IFERROR(INDEX(tblCompanies[City],MATCH(TRIM(tblApplications[[#This Row],[Company]]),tblCompanies[Company],0)),"Not in Companies list")) -> Edmonton, AB | W10: =IF(tblApplications[[#This Row],[Date Applied]]="","",tblApplications[[#This Row],[Date Applied]]-WEEKDAY(tblApplications[[#This Row],[Date Applied]],2)+1) -> 46286 | X10: =IF(tblApplications[[#This Row],[Date Applied]]="","",TEXT(tblApplications[[#This Row],[Date Applied]],"mmm yyyy")) -> Sep 2026
A11: ="APP-"&TEXT(ROW()-3,"000") -> APP-008 | B11: 46290 | C11: Bluewater Marketing Partners | D11: Content and Social Media Coordinator | E11: London, ON | F11: Indeed | G11: https://ca.indeed.com/viewjob?jk=example-1008 | H11: Small Business and Consulting v1 | I11: No Response | J11: Low | K11: 46297 | M11: 1 | N11: 48000 | O11: Follow-up email sent 2 Oct; no reply | P11: =IF(tblApplications[[#This Row],[Status]]="","",IFERROR(INDEX(tblStatus[Is Open],MATCH(tblApplications[[#This Row],[Status]],tblStatus[Status],0)),"Check status")) -> Yes | Q11: =IF(tblApplications[[#This Row],[Date Applied]]="","",TODAY()-tblApplications[[#This Row],[Date Applied]]) -> 13 | R11: =IF(tblApplications[[#This Row],[Date Applied]]="","",IF(tblApplications[[#This Row],[Status]]="","Add status",IF(tblApplications[[#This Row],[Is Open]]="No","Closed",IF(tblApplications[[#This Row],[Follow-Up Date]]="","No date set",IF(tblApplications[[#This Row],[Follow-Up Date]]<TODAY(),"Overdue",IF(tblApplications[[#This Row],[Follow-Up Date]]=TODAY(),"Due today","Scheduled")))))) -> Overdue | S11: =IF(OR(tblApplications[[#This Row],[Date Applied]]="",tblApplications[[#This Row],[Response Date]]=""),"",tblApplications[[#This Row],[Response Date]]-tblApplications[[#This Row],[Date Applied]]) | T11: =IF(tblApplications[[#This Row],[Company]]="","",IFERROR(_xlfn.XLOOKUP(TRIM(tblApplications[[#This Row],[Company]]),tblCompanies[Company],tblCompanies[Industry],"Not in Companies list"),IFERROR(INDEX(tblCompanies[Industry],MATCH(TRIM(tblApplications[[#This Row],[Company]]),tblCompanies[Company],0)),"Not in Companies list"))) -> Marketing Agency | U11: =IF(tblApplications[[#This Row],[Company]]="","",IFERROR(VLOOKUP(TRIM(tblApplications[[#This Row],[Company]]),tblCompanies[],3,FALSE),"Not in Companies list")) -> 10 to 50 | V11: =IF(tblApplications[[#This Row],[Company]]="","",IFERROR(INDEX(tblCompanies[City],MATCH(TRIM(tblApplications[[#This Row],[Company]]),tblCompanies[Company],0)),"Not in Companies list")) -> London, ON | W11: =IF(tblApplications[[#This Row],[Date Applied]]="","",tblApplications[[#This Row],[Date Applied]]-WEEKDAY(tblApplications[[#This Row],[Date Applied]],2)+1) -> 46286 | X11: =IF(tblApplications[[#This Row],[Date Applied]]="","",TEXT(tblApplications[[#This Row],[Date Applied]],"mmm yyyy")) -> Sep 2026
A12: ="APP-"&TEXT(ROW()-3,"000") -> APP-009 | B12: 46294 | C12: Granite Hill Financial Education | D12: Course Developer, Financial Literacy | E12: Winnipeg, MB | F12: LinkedIn | G12: https://www.linkedin.com/jobs/view/example-1009 | H12: Teaching and Course Design v1 | I12: Screening | J12: Medium | K12: 46304 | L12: 46300 | M12: 2.5 | N12: 66000 | O12: Recruiter call held 5 Oct | P12: =IF(tblApplications[[#This Row],[Status]]="","",IFERROR(INDEX(tblStatus[Is Open],MATCH(tblApplications[[#This Row],[Status]],tblStatus[Status],0)),"Check status")) -> Yes | Q12: =IF(tblApplications[[#This Row],[Date Applied]]="","",TODAY()-tblApplications[[#This Row],[Date Applied]]) -> 9 | R12: =IF(tblApplications[[#This Row],[Date Applied]]="","",IF(tblApplications[[#This Row],[Status]]="","Add status",IF(tblApplications[[#This Row],[Is Open]]="No","Closed",IF(tblApplications[[#This Row],[Follow-Up Date]]="","No date set",IF(tblApplications[[#This Row],[Follow-Up Date]]<TODAY(),"Overdue",IF(tblApplications[[#This Row],[Follow-Up Date]]=TODAY(),"Due today","Scheduled")))))) -> Scheduled | S12: =IF(OR(tblApplications[[#This Row],[Date Applied]]="",tblApplications[[#This Row],[Response Date]]=""),"",tblApplications[[#This Row],[Response Date]]-tblApplications[[#This Row],[Date Applied]]) -> 6 | T12: =IF(tblApplications[[#This Row],[Company]]="","",IFERROR(_xlfn.XLOOKUP(TRIM(tblApplications[[#This Row],[Company]]),tblCompanies[Company],tblCompanies[Industry],"Not in Companies list"),IFERROR(INDEX(tblCompanies[Industry],MATCH(TRIM(tblApplications[[#This Row],[Company]]),tblCompanies[Company],0)),"Not in Companies list"))) -> Financial Services | U12: =IF(tblApplications[[#This Row],[Company]]="","",IFERROR(VLOOKUP(TRIM(tblApplications[[#This Row],[Company]]),tblCompanies[],3,FALSE),"Not in Companies list")) -> 50 to 200 | V12: =IF(tblApplications[[#This Row],[Company]]="","",IFERROR(INDEX(tblCompanies[City],MATCH(TRIM(tblApplications[[#This Row],[Company]]),tblCompanies[Company],0)),"Not in Companies list")) -> Winnipeg, MB | W12: =IF(tblApplications[[#This Row],[Date Applied]]="","",tblApplications[[#This Row],[Date Applied]]-WEEKDAY(tblApplications[[#This Row],[Date Applied]],2)+1) -> 46293 | X12: =IF(tblApplications[[#This Row],[Date Applied]]="","",TEXT(tblApplications[[#This Row],[Date Applied]],"mmm yyyy")) -> Sep 2026
A13: ="APP-"&TEXT(ROW()-3,"000") -> APP-010 | B13: 46296 | C13: Aurora Online Academy | D13: Online Course Facilitator (Remote) | E13: Remote (Canada) | F13: LinkedIn | G13: https://www.linkedin.com/jobs/view/example-1010 | H13: Teaching and Course Design v1 | I13: Applied | J13: High | K13: 46310 | M13: 2 | N13: 55000 | O13: Tailored resume to emphasise online delivery | P13: =IF(tblApplications[[#This Row],[Status]]="","",IFERROR(INDEX(tblStatus[Is Open],MATCH(tblApplications[[#This Row],[Status]],tblStatus[Status],0)),"Check status")) -> Yes | Q13: =IF(tblApplications[[#This Row],[Date Applied]]="","",TODAY()-tblApplications[[#This Row],[Date Applied]]) -> 7 | R13: =IF(tblApplications[[#This Row],[Date Applied]]="","",IF(tblApplications[[#This Row],[Status]]="","Add status",IF(tblApplications[[#This Row],[Is Open]]="No","Closed",IF(tblApplications[[#This Row],[Follow-Up Date]]="","No date set",IF(tblApplications[[#This Row],[Follow-Up Date]]<TODAY(),"Overdue",IF(tblApplications[[#This Row],[Follow-Up Date]]=TODAY(),"Due today","Scheduled")))))) -> Scheduled | S13: =IF(OR(tblApplications[[#This Row],[Date Applied]]="",tblApplications[[#This Row],[Response Date]]=""),"",tblApplications[[#This Row],[Response Date]]-tblApplications[[#This Row],[Date Applied]]) | T13: =IF(tblApplications[[#This Row],[Company]]="","",IFERROR(_xlfn.XLOOKUP(TRIM(tblApplications[[#This Row],[Company]]),tblCompanies[Company],tblCompanies[Industry],"Not in Companies list"),IFERROR(INDEX(tblCompanies[Industry],MATCH(TRIM(tblApplications[[#This Row],[Company]]),tblCompanies[Company],0)),"Not in Companies list"))) -> EdTech | U13: =IF(tblApplications[[#This Row],[Company]]="","",IFERROR(VLOOKUP(TRIM(tblApplications[[#This Row],[Company]]),tblCompanies[],3,FALSE),"Not in Companies list")) -> 10 to 50 | V13: =IF(tblApplications[[#This Row],[Company]]="","",IFERROR(INDEX(tblCompanies[City],MATCH(TRIM(tblApplications[[#This Row],[Company]]),tblCompanies[Company],0)),"Not in Companies list")) -> Remote (Canada) | W13: =IF(tblApplications[[#This Row],[Date Applied]]="","",tblApplications[[#This Row],[Date Applied]]-WEEKDAY(tblApplications[[#This Row],[Date Applied]],2)+1) -> 46293 | X13: =IF(tblApplications[[#This Row],[Date Applied]]="","",TEXT(tblApplications[[#This Row],[Date Applied]],"mmm yyyy")) -> Oct 2026
A14: ="APP-"&TEXT(ROW()-3,"000") -> APP-011 | B14: 46298 | C14: Northbridge Learning Institute | D14: Academic Program Assistant | E14: Toronto, ON | F14: LinkedIn | G14: https://www.linkedin.com/jobs/view/example-1011 | H14: Program Coordination v2 | I14: Offer | J14: High | K14: 46302 | L14: 46301 | M14: 3 | N14: 60000 | O14: Verbal offer 6 Oct; written offer expected this week | P14: =IF(tblApplications[[#This Row],[Status]]="","",IFERROR(INDEX(tblStatus[Is Open],MATCH(tblApplications[[#This Row],[Status]],tblStatus[Status],0)),"Check status")) -> No | Q14: =IF(tblApplications[[#This Row],[Date Applied]]="","",TODAY()-tblApplications[[#This Row],[Date Applied]]) -> 5 | R14: =IF(tblApplications[[#This Row],[Date Applied]]="","",IF(tblApplications[[#This Row],[Status]]="","Add status",IF(tblApplications[[#This Row],[Is Open]]="No","Closed",IF(tblApplications[[#This Row],[Follow-Up Date]]="","No date set",IF(tblApplications[[#This Row],[Follow-Up Date]]<TODAY(),"Overdue",IF(tblApplications[[#This Row],[Follow-Up Date]]=TODAY(),"Due today","Scheduled")))))) -> Closed | S14: =IF(OR(tblApplications[[#This Row],[Date Applied]]="",tblApplications[[#This Row],[Response Date]]=""),"",tblApplications[[#This Row],[Response Date]]-tblApplications[[#This Row],[Date Applied]]) -> 3 | T14: =IF(tblApplications[[#This Row],[Company]]="","",IFERROR(_xlfn.XLOOKUP(TRIM(tblApplications[[#This Row],[Company]]),tblCompanies[Company],tblCompanies[Industry],"Not in Companies list"),IFERROR(INDEX(tblCompanies[Industry],MATCH(TRIM(tblApplications[[#This Row],[Company]]),tblCompanies[Company],0)),"Not in Companies list"))) -> Higher Education | U14: =IF(tblApplications[[#This Row],[Company]]="","",IFERROR(VLOOKUP(TRIM(tblApplications[[#This Row],[Company]]),tblCompanies[],3,FALSE),"Not in Companies list")) -> 500 to 1,000 | V14: =IF(tblApplications[[#This Row],[Company]]="","",IFERROR(INDEX(tblCompanies[City],MATCH(TRIM(tblApplications[[#This Row],[Company]]),tblCompanies[Company],0)),"Not in Companies list")) -> Toronto, ON | W14: =IF(tblApplications[[#This Row],[Date Applied]]="","",tblApplications[[#This Row],[Date Applied]]-WEEKDAY(tblApplications[[#This Row],[Date Applied]],2)+1) -> 46293 | X14: =IF(tblApplications[[#This Row],[Date Applied]]="","",TEXT(tblApplications[[#This Row],[Date Applied]],"mmm yyyy")) -> Oct 2026
A15: ="APP-"&TEXT(ROW()-3,"000") -> APP-012 | B15: 46301 | C15: Maple Ridge Business College | D15: Program Coordinator, Continuing Education | E15: Vancouver, BC | F15: Referral | G15: https://mapleridgecollege.example/careers/1012 | H15: Program Coordination v2 | I15: Applied | J15: Medium | K15: 46315 | M15: 1 | N15: 62000 | O15: Second application via internal referral (duplicate check flags this) | P15: =IF(tblApplications[[#This Row],[Status]]="","",IFERROR(INDEX(tblStatus[Is Open],MATCH(tblApplications[[#This Row],[Status]],tblStatus[Status],0)),"Check status")) -> Yes | Q15: =IF(tblApplications[[#This Row],[Date Applied]]="","",TODAY()-tblApplications[[#This Row],[Date Applied]]) -> 2 | R15: =IF(tblApplications[[#This Row],[Date Applied]]="","",IF(tblApplications[[#This Row],[Status]]="","Add status",IF(tblApplications[[#This Row],[Is Open]]="No","Closed",IF(tblApplications[[#This Row],[Follow-Up Date]]="","No date set",IF(tblApplications[[#This Row],[Follow-Up Date]]<TODAY(),"Overdue",IF(tblApplications[[#This Row],[Follow-Up Date]]=TODAY(),"Due today","Scheduled")))))) -> Scheduled | S15: =IF(OR(tblApplications[[#This Row],[Date Applied]]="",tblApplications[[#This Row],[Response Date]]=""),"",tblApplications[[#This Row],[Response Date]]-tblApplications[[#This Row],[Date Applied]]) | T15: =IF(tblApplications[[#This Row],[Company]]="","",IFERROR(_xlfn.XLOOKUP(TRIM(tblApplications[[#This Row],[Company]]),tblCompanies[Company],tblCompanies[Industry],"Not in Companies list"),IFERROR(INDEX(tblCompanies[Industry],MATCH(TRIM(tblApplications[[#This Row],[Company]]),tblCompanies[Company],0)),"Not in Companies list"))) -> Higher Education | U15: =IF(tblApplications[[#This Row],[Company]]="","",IFERROR(VLOOKUP(TRIM(tblApplications[[#This Row],[Company]]),tblCompanies[],3,FALSE),"Not in Companies list")) -> 200 to 500 | V15: =IF(tblApplications[[#This Row],[Company]]="","",IFERROR(INDEX(tblCompanies[City],MATCH(TRIM(tblApplications[[#This Row],[Company]]),tblCompanies[Company],0)),"Not in Companies list")) -> Vancouver, BC | W15: =IF(tblApplications[[#This Row],[Date Applied]]="","",tblApplications[[#This Row],[Date Applied]]-WEEKDAY(tblApplications[[#This Row],[Date Applied]],2)+1) -> 46300 | X15: =IF(tblApplications[[#This Row],[Date Applied]]="","",TEXT(tblApplications[[#This Row],[Date Applied]],"mmm yyyy")) -> Oct 2026

Sheet Companies
A1: Company | B1: Industry | C1: Company Size | D1: Website | E1: City | F1: Notes | H1: How to use this sheet
A2: Northbridge Learning Institute | B2: Higher Education | C2: 500 to 1,000 | D2: northbridgelearning.example | E2: Toronto, ON | F2: Two active postings; HR contact replies within a week | H2: Add each employer here once. The Applications sheet looks up Industry, Company Size and City from this table by company name (XLOOKUP with an INDEX/MATCH fallback, VLOOKUP, and INDEX/MATCH).
A3: Maple Ridge Business College | B3: Higher Education | C3: 200 to 500 | D3: mapleridgecollege.example | E3: Vancouver, BC | F3: Continuing education department hires each term | H3: The sample companies are fictional examples. Replace them with real employers.
A4: Lakeshore Training Co. | B4: Corporate Training | C4: 50 to 200 | D4: lakeshoretraining.example | E4: Mississauga, ON | F4: Hybrid roles; panel interviews
A5: Prairie Skills Network | B5: Non-profit Education | C5: 10 to 50 | D5: prairieskills.example | E5: Calgary, AB | F5: Part-time facilitator pool
A6: Harbourview Consulting Group | B6: Management Consulting | C6: 50 to 200 | D6: harbourviewcg.example | E6: Halifax, NS | F6: On-site only
A7: Summit Peak Learning Technologies | B7: EdTech | C7: 200 to 500 | D7: summitpeaklearning.example | E7: Ottawa, ON | F7: Remote-friendly; fast process
A8: Cedar Valley Community College | B8: Higher Education | C8: 1,000+ | D8: cedarvalleycc.example | E8: Edmonton, AB | F8: Sessional postings close mid-month
A9: Bluewater Marketing Partners | B9: Marketing Agency | C9: 10 to 50 | D9: bluewatermp.example | E9: London, ON | F9: Small team; slow to respond
A10: Granite Hill Financial Education | B10: Financial Services | C10: 50 to 200 | D10: granitehillfe.example | E10: Winnipeg, MB | F10: Recruiter-led process
A11: Aurora Online Academy | B11: EdTech | C11: 10 to 50 | D11: auroraonline.example | E11: Remote (Canada) | F11: Fully remote facilitator roles

Sheet Lists
A1: Status | B1: Is Open | D1: Platform | F1: Priority | H1: Resume Version | J1: How to use this sheet
A2: Applied | B2: Yes | D2: LinkedIn | F2: High | H2: Teaching and Course Design v1 | J2: These tables feed the dropdown lists on the Applications sheet. Add a new value on the first empty row under a heading and the dropdown picks it up automatically.
A3: Screening | B3: Yes | D3: Indeed | F3: Medium | H3: Program Coordination v2 | J3: Is Open = Yes means the application is still live and may need a follow-up. Is Open = No means the application is closed (Offer, Rejected, Withdrawn).
A4: Interview | B4: Yes | D4: Company Website | F4: Low | H4: Small Business and Consulting v1
A5: No Response | B5: Yes | D5: Referral | H5: General v1
A6: Offer | B6: No | D6: Recruiter
A7: Rejected | B7: No | D7: Other
A8: Withdrawn | B8: No

Sheet Formula Guide
A1: Formula Guide and Legend
A2: Legend: on the Applications sheet, columns B to O (white or light blue rows) are typed in and the grey columns A and P to X are formulas. Dropdown lists live on the Lists sheet. Employer details live on the Companies sheet. The Dashboard is 100% formulas. Sample rows are fictional and should be deleted before real use.
A3: Compatibility: XLOOKUP needs Excel 2021 or Microsoft 365. The Industry column wraps XLOOKUP in IFERROR with an INDEX/MATCH fallback, so the tracker also works in Excel 2013, 2016 and 2019, where the formula bar shows the function as _xlfn.XLOOKUP and the fallback does the work.
A5: # | B5: Sheet | C5: Column or cell | D5: Formula (as written) | E5: What it does
A6: 1 | B6: Applications | C6: ID (A) | D6: ="APP-"&TEXT(ROW()-3,"000") | E6: Builds an ID like APP-001 from the row number. TEXT pads the number with zeros. IDs follow row order, so they renumber if the table is sorted.
A7: 2 | B7: Applications | C7: Is Open (P) | D7: =IF([@Status]="","",IFERROR(INDEX(tblStatus[Is Open],MATCH([@Status],tblStatus[Status],0)),"Check status")) | E7: INDEX/MATCH looks up the Status on the Lists sheet and returns Yes or No; blank if Status is empty, and Check status (highlighted red) if the Status is not on the Lists sheet. Drives every open or closed count on the Dashboard.
A8: 3 | B8: Applications | C8: Days Since Applied (Q) | D8: =IF([@[Date Applied]]="","",TODAY()-[@[Date Applied]]) | E8: Date formula: TODAY() minus Date Applied. Stays blank until a date is entered.
A9: 4 | B9: Applications | C9: Follow-Up Flag (R) | D9: =IF([@[Date Applied]]="","",IF([@Status]="","Add status",IF([@[Is Open]]="No","Closed",IF([@[Follow-Up Date]]="","No date set",IF([@[Follow-Up Date]]<TODAY(),"Overdue",IF([@[Follow-Up Date]]=TODAY(),"Due today","Scheduled")))))) | E9: Nested IF: Add status if the Status is blank, Closed if the application is not open, No date set if the follow-up date is blank, Overdue if it is before today, Due today if it equals today, otherwise Scheduled. Conditional formatting colours Overdue and Add status red and Due today amber.
A10: 5 | B10: Applications | C10: Days to Response (S) | D10: =IF(OR([@[Date Applied]]="",[@[Response Date]]=""),"",[@[Response Date]]-[@[Date Applied]]) | E10: Response Date minus Date Applied; blank until a response arrives. The Dashboard averages this column.
A11: 6 | B11: Applications | C11: Industry (T) | D11: =IF([@Company]="","",IFERROR(XLOOKUP(TRIM([@Company]),tblCompanies[Company],tblCompanies[Industry],"Not in Companies list"),IFERROR(INDEX(tblCompanies[Industry],MATCH(TRIM([@Company]),tblCompanies[Company],0)),"Not in Companies list"))) | E11: XLOOKUP returns the Industry for the Company from the Companies table, with a not-found message. TRIM strips stray spaces from the company name first (data cleaning). IFERROR falls back to INDEX/MATCH on Excel versions without XLOOKUP.
A12: 7 | B12: Applications | C12: Company Size (U) | D12: =IF([@Company]="","",IFERROR(VLOOKUP(TRIM([@Company]),tblCompanies,3,FALSE),"Not in Companies list")) | E12: VLOOKUP finds the trimmed Company in the Companies table and returns column 3 (Company Size); FALSE forces an exact match.
A13: 8 | B13: Applications | C13: City (V) | D13: =IF([@Company]="","",IFERROR(INDEX(tblCompanies[City],MATCH(TRIM([@Company]),tblCompanies[Company],0)),"Not in Companies list")) | E13: INDEX/MATCH: MATCH finds the row of the trimmed Company, INDEX returns the City from that row.
A14: 9 | B14: Applications | C14: Week Starting (W) | D14: =IF([@[Date Applied]]="","",[@[Date Applied]]-WEEKDAY([@[Date Applied]],2)+1) | E14: Date formula: WEEKDAY(date,2) gives Monday=1, so date minus WEEKDAY plus 1 is the Monday of that week. Used for weekly reporting.
A15: 10 | B15: Applications | C15: Month (X) | D15: =IF([@[Date Applied]]="","",TEXT([@[Date Applied]],"mmm yyyy")) | E15: TEXT formats the date as a month label such as Oct 2026 for grouping and filtering.
A16: 11 | B16: Applications | C16: Conditional formatting, column Q | D16: =AND($I4="Applied",$Q4>14) | E16: Highlights applications still at Applied for more than 14 days (stale, needs chasing).
A17: 12 | B17: Applications | C17: Conditional formatting, columns C:D | D17: =AND($C4<>"",COUNTIFS($C$4:$C$500,$C4,$D$4:$D$500,$D4)>1) | E17: COUNTIFS counts rows with the same Company and Role Title; more than one means a duplicate application, highlighted lavender. Blank rows never trigger it.
... A34: 29 | B34: Dashboard | C34: Weekly table, B38:E45 | D34: =COUNTIFS(tblApplications[Date Applied],">="&B38,tblApplications[Date Applied],"<"&B38+7) | E34: B38 is this week's Monday from TODAY() and WEEKDAY; each row below subtracts 7. COUNTIFS and SUMIFS count applications, hours and responses per week.
